{
	"coc.preferences.hoverTarget": "preview",
	"coc.preferences.enableFloatHighlight": true,
	"coc.preferences.snippetStatusText": "Ⓢ ",
	"coc.preferences.extensionUpdateCheck": "daily",
	"suggest.detailMaxLength": 60,
	"suggest.noselect": true,
	"suggest.enablePreselect": false,
	"suggest.triggerAfterInsertEnter": false,
	"suggest.timeout": 5000,
	"suggest.enablePreview": true,
	"suggest.floatEnable": true,
	"suggest.detailField": "preview",
	"suggest.snippetIndicator": "",
	"suggest.triggerCompletionWait": 100,
	"suggest.echodocSupport": true,
	"suggest.completionItemKindLabels": {
		"class": "\uf0e8",
		"color": "\ue22b",
		"constant": "\uf8fe",
		"default": "\uf29c",
		"enum": "\uf435",
		"enumMember": "\uf02b",
		"event": "\ufacd",
		"field": "\uf93d",
		"file": "\uf723",
		"folder": "\uf115",
		"function": "\u0192",
		"interface": "\uf417",
		"keyword": "\uf1de",
		"method": "\uf6a6",
		"module": "\uf40d",
		"operator": "\uf915",
		"property": "\ue624",
		"reference": "\ufa46",
		"snippet": "\ue60b",
		"struct": "\ufb44",
		"text": "\ue612",
		"typeParameter": "\uf728",
		"unit": "\uf475",
		"value": "\uf89f",
		"variable": "\ue71b"
	},
	"diagnostic.signOffset": 1,
	"diagnostic.errorSign": "×",
	"diagnostic.warningSign": "»",
	"diagnostic.infoSign": "ღ",
	"diagnostic.hintSign": "ஐ",
	"diagnostic.displayByAle": false,
	"diagnostic.refreshOnInsertMode": false,
	"diagnostic.refreshAfterSave": false,
	"diagnostic.checkCurrentLine": true,
	"diagnostic.virtualTextPrefix": " ❯❯❯ ",
	"diagnostic.virtualText": true,
	"codeLens.enable": true,
	"list.previewHighlightGroup": "Statement",
	"list.nextKeymap": "<C-e>",
	"list.previousKeymap": "<C-u>",
	"snippets.ultisnips.directories": [
		"$HOME/.config/nvim/Ultisnips/",
		"$HOME/.config/nvim/plugged/vim-snippets/UltiSnips/"
	],
	"coc.preferences.formatOnSaveFiletypes": ["typescript", "html", "css", "json", "python"],
	"yaml.format.enable": true,
	"signature.target": "float",
	"yank.enableCompletion": false,
	"prettier.eslintIntegration": true,
	"prettier.disableLanguages": [],
	"prettier.useTabs": true,
	"prettier.formatterPriority": 1,
	"typescript.suggestionActions.enabled": true,
	"typescript.format.enabled": true,
	"explorer.width": 38,
	"explorer.quitOnOpen": true,
	"explorer.sources": [
		{
			"name": "buffer",
			"expand": false
		},
		{
			"name": "file",
			"expand": true
		}
	],
	"explorer.file.column.indent.indentLine": true,
	"explorer.file.showHiddenFiles": true,
	"explorer.icon.enableNerdfont": true,
	"explorer.file.column.git.showIgnored": true,
	"explorer.keyMappingMode": "none",
	"explorer.buffer.showHiddenBuffers": false,
	"explorer.keyMappings": {
		"u": "nodePrev",
		"e": "nodeNext",
		"h": "toggleSelection",
		"<tab>": "actionMenu",
		"N": "collapse",
		"gl": "expandRecursive",
		"gh": "collapseRecursive",
		"i": "open",
		"<cr>": "open",
		"I": "openInVsplit",
		"o": "expand",
		"O": "openInTab",
		"n": "gotoParent",
		"l": "gotoParent",
		"yp": "copyFilepath",
		"yn": "copyFilename",
		"yy": "copyFile",
		"dd": "cutFile",
		"pp": "pasteFile",
		"dD": "deleteForever",
		"a": "addFile",
		"k": "addFile",
		"M": "addDirectory",
		"cw": "rename",
		".": "toggleHidden",
		"zh": "toggleHidden",
		"R": "refresh",
		"?": "help",
		"q": "quit",
		"X": "systemExecute",
		"gd": "listDrive",
		"f": "search",
		"F": "searchRecursive",
		"B": "gotoSource:file",
		"b": "gotoSource:buffer",
		"[[": "sourcePrev",
		"]]": "sourceNext",
		"[d": "diagnosticPrev",
		"]d": "diagnosticNext",
		"[c": "gitPrev",
		"]c": "gitNext",
		"<<": "gitStage",
		">>": "gitUnstage"
	},
	"git.enableGutters": true,
	"git.branchCharacter": "\uf408",
	"git.addGBlameToBufferVar": false,
	"git.addGBlameToVirtualText": false,
	"git.virtualTextPrefix": " ❯❯❯ ",
	"git.addedSign.hlGroup": "GitGutterAdd",
	"git.changedSign.hlGroup": "GitGutterChange",
	"git.removedSign.hlGroup": "GitGutterDelete",
	"git.topRemovedSign.hlGroup": "GitGutterDelete",
	"git.changeRemovedSign.hlGroup": "GitGutterChangeDelete",
	"git.addedSign.text": "▎",
	"git.changedSign.text": "░",
	"git.removedSign.text": "▏",
	"git.topRemovedSign.text": "▔",
	"git.changeRemovedSign.text": "▒",
	"git.enableGlobalStatus": false,
	"git.signOffset": 2,
	"flutter.openDevLogSplitCommand": "botright 12split",
	"tslint.autoFixOnSave": false,
	"python.autoComplete.addBrackets": true,
	"python.jediEnabled": false,
	"python.formatting.provider": "yapf",
	"python.formatting.yapfArgs": [
		"--style",
		"{SPACES_AROUND_POWER_OPERATOR: True, SPACES_BEFORE_COMMENT: 1}"
	],
	"html.format.enable": true,
	"javascript.referencesCodeLens.enable": true,
	"javascript.showUnused": true,
	"javascript.suggest.names": true,
	"javascript.suggestionActions.enabled": true,
	"json.format.enable": true,
	"eslint.autoFixOnSave": false,
	"prettier.printWidth": 100,
	"todolist.autoUpload": true,
	"todolist.promptForReminder": false,
	"coc-actions.hideCursor": false,
	"coc-actions.showActionKind": true,
	"diagnostic-languageserver.filetypes": {
		"vim": "vint",
		"email": "languagetool",
		"markdown": ["write-good", "markdownlint"],
		"sh": "shellcheck",
		"elixir": ["mix_credo", "mix_credo_compile"],
		"eelixir": ["mix_credo", "mix_credo_compile"],
		"php": ["phpstan", "psalm"]
	},
	"diagnostic-languageserver.formatFiletypes": {
		"elixir": "mix_format",
		"eelixir": "mix_format"
	},
	"languageserver": {
		"lua": {
			"command": "lua-lsp",
			"filetypes": ["lua"]
		},
		"golang": {
			"command": "gopls",
			"rootPatterns": ["go.mod"],
			"filetypes": ["go"],
			"initializationOptions": {
				"gocodeCompletionEnabled": true,
				"diagnosticsEnabled": true,
				"lintTool": "golint"
			}
		},
		"bash": {
			"command": "bash-language-server",
			"args": ["start"],
			"filetypes": ["sh"],
			"ignoredRootPaths": []
		},
		"ccls": {
			"command": "ccls",
			"filetypes": ["c", "cpp", "cuda", "objc", "objcpp"],
			"rootPatterns": [".ccls", ".ccls-root", "compile_commands.json", ".git/", ".hg/"],
			"initializationOptions": {
				"cache": {
					"directory": "/tmp/ccls"
				}
			}
		}
	}
}
