{
  "adapters": {
    "debugpy": {
      "command": [
        "python",
        "-m",
        "debugpy.adapter"
      ],
      "name": "debugpy",
      "configuration": {
        "python": "python"
      }
    }
  },
  "configurations": {
    "run - debugpy": {
      "adapter": "debugpy",
      "configuration": {
        "request": "launch",
        "type": "python",
        "cwd": "${workspaceRoot}",
        "program": "${file}",
        "stopOnEntry": true,
        "console": "integratedTerminal"
      },
      "breakpoints": {
        "exception": {
          "raised": "N",
          "uncaught": ""
        }
      }
    }
  }
}
